<?xml version="1.0" encoding="UTF-8"?>
<con:soapui-project id="a8f1e78f-06c7-4861-b9a4-f698dad221ae" activeEnvironment="Default" name="admin--PassportPayment1.0.0(4)" resourceRoot="${projectDir}" soapui-version="5.2.1" abortOnError="false" runType="SEQUENTIAL" xmlns:con="http://eviware.com/soapui/config"><con:settings/><con:interface xsi:type="con:WsdlInterface" id="d241ab86-aed6-4654-8cd8-dcb9c7aa4524" wsaVersion="NONE" name="MFSPassportPaymentPortEndpoint1Binding" type="wsdl" bindingName="{http://xmlns.example.com/1448536462439}MFSPassportPaymentPortEndpoint1Binding" soapVersion="1_1" anonymous="optional" definition="file:/C:/Users/Lenovo/Desktop/admin--PassportPayment1.0.0(4).wsdl" xmlns:xsi="http://www.w3.org/2001/XMLSchema-instance"><con:settings/><con:definitionCache type="TEXT" rootPart="file:\C:\Users\Lenovo\Desktop\admin--PassportPayment1.0.0(4).wsdl"><con:part><con:url>file:\C:\Users\Lenovo\Desktop\admin--PassportPayment1.0.0(4).wsdl</con:url><con:content><![CDATA[<wsdl:definitions name="Untitled" targetNamespace="http://xmlns.example.com/1448536462439" xmlns:wsdl="http://schemas.xmlsoap.org/wsdl/" xmlns:tns="http://xmlns.example.com/1448536462439" xmlns:ns0="http://www.tibco.com/schemas/Mobilink/SharedResources/Schemas/MFSPassportPayment/Schema.xsd6" xmlns:ns2="http://www.tibco.com/schemas/Mobilink/SharedResources/Schemas/MFSPassportPayment/Schema.xsd4" xmlns:ns1="http://www.tibco.com/schemas/Mobilink/SharedResources/Schemas/MFSPassportPayment/Schema.xsd3" xmlns:soap="http://schemas.xmlsoap.org/wsdl/soap/">
  <wsdl:types>
    <xs:schema attributeFormDefault="unqualified" elementFormDefault="qualified" targetNamespace="http://www.tibco.com/schemas/Mobilink/SharedResources/Schemas/MFSPassportPayment/Schema.xsd3" xmlns:xs="http://www.w3.org/2001/XMLSchema" xmlns="http://www.tibco.com/schemas/Mobilink/SharedResources/Schemas/MFSPassportPayment/Schema.xsd3">
      <xs:element name="Amount_After_Due_Date" type="xs:string"/>
      <xs:element name="Amount_Paid" type="xs:string"/>
      <xs:element name="Amount_Within_Due_Date" type="xs:string"/>
      <xs:element name="Bank_Mnemonic" type="xs:string"/>
      <xs:element name="BillInquiryResponse" type="xs:string"/>
      <xs:element name="Bill_Status" type="xs:string"/>
      <xs:element name="Billing_Month" type="xs:string"/>
      <xs:element name="Consumer_Detail" type="xs:string"/>
      <xs:element name="Consumer_Number" type="xs:string"/>
      <xs:element name="Date_Paid" type="xs:string"/>
      <xs:element name="Due_Date" type="xs:string"/>
      <xs:element name="PassportBillInquiryIN">
        <xs:complexType>
          <xs:sequence>
            <xs:element ref="ns1:Username"/>
            <xs:element ref="ns1:Password"/>
            <xs:element ref="ns1:Consumer_Number"/>
            <xs:element ref="ns1:Bank_Mnemonic"/>
            <xs:element minOccurs="0" ref="ns1:Reserved"/>
          </xs:sequence>
        </xs:complexType>
      </xs:element>
      <xs:element name="PassportBillInquiryOUT">
        <xs:complexType>
          <xs:sequence>
            <xs:element ref="ns1:Response_Code"/>
            <xs:element ref="ns1:Consumer_Detail"/>
            <xs:element ref="ns1:Bill_Status"/>
            <xs:element ref="ns1:Due_Date"/>
            <xs:element ref="ns1:Amount_Within_Due_Date"/>
            <xs:element ref="ns1:Amount_After_Due_Date"/>
            <xs:element ref="ns1:Billing_Month"/>
            <xs:element ref="ns1:Date_Paid"/>
            <xs:element ref="ns1:Amount_Paid"/>
            <xs:element ref="ns1:Tran_Auth_Id"/>
          </xs:sequence>
        </xs:complexType>
      </xs:element>
      <xs:element name="PassportBillInquiryResponseOUT">
        <xs:complexType>
          <xs:sequence>
            <xs:element ref="ns1:PassportBillInquiryResponseString"/>
          </xs:sequence>
        </xs:complexType>
      </xs:element>
      <xs:element name="PassportBillInquiryResponseString" type="xs:string"/>
      <xs:element name="Password" type="xs:string"/>
      <xs:element name="Reserved" type="xs:string"/>
      <xs:element name="Response_Code" type="xs:string"/>
      <xs:element name="Tran_Auth_Id" type="xs:string"/>
      <xs:element name="Username" type="xs:string"/>
    </xs:schema>
    <xs:schema attributeFormDefault="unqualified" elementFormDefault="qualified" targetNamespace="http://www.tibco.com/schemas/Mobilink/SharedResources/Schemas/MFSPassportPayment/Schema.xsd6" xmlns:xs="http://www.w3.org/2001/XMLSchema" xmlns="http://www.tibco.com/schemas/Mobilink/SharedResources/Schemas/MFSPassportPayment/Schema.xsd6">
      <xs:element name="Bank_Mnemonic" type="xs:string"/>
      <xs:element name="Consumer_Number" type="xs:string"/>
      <xs:element name="Password" type="xs:string"/>
      <xs:element name="Reserved" type="xs:string"/>
      <xs:element name="Response_Code" type="xs:string"/>
      <xs:element name="Tran_Auth_Id" type="xs:string"/>
      <xs:element name="Tran_Date" type="xs:string"/>
      <xs:element name="Tran_Time" type="xs:string"/>
      <xs:element name="Transaction_Amount" type="xs:string"/>
      <xs:element name="Username" type="xs:string"/>
    </xs:schema>
  </wsdl:types>
  <wsdl:message name="BillInquiry">
    <wsdl:part name="Username" element="ns1:Username"></wsdl:part>
    <wsdl:part name="Password" element="ns1:Password"></wsdl:part>
    <wsdl:part name="Consumer_Number" element="ns1:Consumer_Number"></wsdl:part>
    <wsdl:part name="Bank_Mnemonic" element="ns1:Bank_Mnemonic"></wsdl:part>
    <wsdl:part name="Reserved" element="ns1:Reserved"></wsdl:part>
  </wsdl:message>
  <wsdl:message name="BillPaymentResponse">
    <wsdl:part name="Response_Code" element="ns0:Response_Code"></wsdl:part>
  </wsdl:message>
  <wsdl:message name="BillPayment">
    <wsdl:part name="Username" element="ns0:Username"></wsdl:part>
    <wsdl:part name="Password" element="ns0:Password"></wsdl:part>
    <wsdl:part name="Consumer_Number" element="ns0:Consumer_Number"></wsdl:part>
    <wsdl:part name="Tran_Auth_Id" element="ns0:Tran_Auth_Id"></wsdl:part>
    <wsdl:part name="Transaction_Amount" element="ns0:Transaction_Amount"></wsdl:part>
    <wsdl:part name="Tran_Date" element="ns0:Tran_Date"></wsdl:part>
    <wsdl:part name="Tran_Time" element="ns0:Tran_Time"></wsdl:part>
    <wsdl:part name="Bank_Mnemonic" element="ns0:Bank_Mnemonic"></wsdl:part>
    <wsdl:part name="Reserved" element="ns0:Reserved"></wsdl:part>
  </wsdl:message>
  <wsdl:message name="BillInquiryResponse">
    <wsdl:part name="BillInquiryResponse" element="ns1:BillInquiryResponse"></wsdl:part>
  </wsdl:message>
  <wsdl:portType name="MFSPassportPaymentPort">
    <wsdl:operation name="BillPayment">
      <wsdl:input message="tns:BillPayment"></wsdl:input>
      <wsdl:output message="tns:BillPaymentResponse"></wsdl:output>
    </wsdl:operation>
    <wsdl:operation name="BillInquiry">
      <wsdl:input message="tns:BillInquiry"></wsdl:input>
      <wsdl:output message="tns:BillInquiryResponse"></wsdl:output>
    </wsdl:operation>
  </wsdl:portType>
  <wsdl:binding name="MFSPassportPaymentPortEndpoint1Binding" type="tns:MFSPassportPaymentPort">
    <soap:binding style="document" transport="http://schemas.xmlsoap.org/soap/http"/>
    <wsdl:operation name="BillPayment">
      <soap:operation soapAction="/Services/MFSPassportPayment/Interface/PassportPayment.serviceagent/MFSPassportPaymentPortEndpoint1/BillPayment" style="document"/>
      <wsdl:input>
        <soap:body parts="Username Password Consumer_Number Tran_Auth_Id Transaction_Amount Tran_Date Tran_Time Bank_Mnemonic Reserved" use="literal"/>
      </wsdl:input>
      <wsdl:output>
        <soap:body parts="Response_Code" use="literal"/>
      </wsdl:output>
    </wsdl:operation>
    <wsdl:operation name="BillInquiry">
      <soap:operation soapAction="/Services/MFSPassportPayment/Interface/PassportPayment.serviceagent/MFSPassportPaymentPortEndpoint1/BillInquiry" style="document"/>
      <wsdl:input>
        <soap:body parts="Username Password Consumer_Number Bank_Mnemonic Reserved" use="literal"/>
      </wsdl:input>
      <wsdl:output>
        <soap:body parts="BillInquiryResponse" use="literal"/>
      </wsdl:output>
    </wsdl:operation>
  </wsdl:binding>
  <wsdl:service name="PassportPayment">
    <wsdl:port name="MFSPassportPaymentPortEndpoint1" binding="tns:MFSPassportPaymentPortEndpoint1Binding">
      <soap:address location="https://developertest.jazzcash.com.pk/mfs/1.0.0"/>
    </wsdl:port>
  </wsdl:service>
</wsdl:definitions>]]></con:content><con:type>http://schemas.xmlsoap.org/wsdl/</con:type></con:part></con:definitionCache><con:endpoints><con:endpoint>https://developertest.jazzcash.com.pk/mfs/1.0.0</con:endpoint></con:endpoints><con:operation id="8156f2cc-93e2-4f58-8436-d161128cb8a3" isOneWay="false" action="/Services/MFSPassportPayment/Interface/PassportPayment.serviceagent/MFSPassportPaymentPortEndpoint1/BillInquiry" name="BillInquiry" bindingOperationName="BillInquiry" type="Request-Response" inputName="" receivesAttachments="false" sendsAttachments="false" anonymous="optional"><con:settings/><con:call id="a965c5b7-474d-481d-b8a9-014f24930ecd" name="Request 1"><con:settings><con:setting id="com.eviware.soapui.impl.wsdl.WsdlRequest@request-headers">&lt;xml-fragment/></con:setting></con:settings><con:encoding>UTF-8</con:encoding><con:endpoint>http://10.50.13.117:8282/mfs/1.0.0</con:endpoint><con:request><![CDATA[<soapenv:Envelope xmlns:soapenv="http://schemas.xmlsoap.org/soap/envelope/" xmlns:sch="http://www.tibco.com/schemas/Mobilink/SharedResources/Schemas/MFSPassportPayment/Schema.xsd3">\r
   <soapenv:Header/>\r
   <soapenv:Body>\r
      <sch:Username>abx</sch:Username>\r
      <sch:Password>hg</sch:Password>\r
      <sch:Consumer_Number>BB474322</sch:Consumer_Number>\r
      <sch:Bank_Mnemonic>WMB</sch:Bank_Mnemonic>\r
      <sch:Reserved>212</sch:Reserved>\r
   </soapenv:Body>\r
</soapenv:Envelope>]]></con:request><con:credentials><con:authType>No Authorization</con:authType></con:credentials><con:jmsConfig JMSDeliveryMode="PERSISTENT"/><con:jmsPropertyConfig/><con:wsaConfig mustUnderstand="NONE" version="200508" action="/Services/MFSPassportPayment/Interface/PassportPayment.serviceagent/MFSPassportPaymentPortEndpoint1/BillInquiry"/><con:wsrmConfig version="1.2"/></con:call></con:operation><con:operation id="22b45d02-4f53-4d99-ae62-e0e9822d5b19" isOneWay="false" action="/Services/MFSPassportPayment/Interface/PassportPayment.serviceagent/MFSPassportPaymentPortEndpoint1/BillPayment" name="BillPayment" bindingOperationName="BillPayment" type="Request-Response" inputName="" receivesAttachments="false" sendsAttachments="false" anonymous="optional"><con:settings/><con:call id="ef685678-58dd-4753-b004-efe6ea9ad8cc" name="Request 1"><con:settings><con:setting id="com.eviware.soapui.impl.wsdl.WsdlRequest@request-headers">&lt;xml-fragment/></con:setting></con:settings><con:encoding>UTF-8</con:encoding><con:endpoint>http://10.50.13.117:8282/mfs/1.0.0</con:endpoint><con:request><![CDATA[<soapenv:Envelope xmlns:soapenv="http://schemas.xmlsoap.org/soap/envelope/" xmlns:sch="http://www.tibco.com/schemas/Mobilink/SharedResources/Schemas/MFSPassportPayment/Schema.xsd6">
   <soapenv:Header/>
   <soapenv:Body>
      <sch:Username>asd</sch:Username>
      <sch:Password>asd</sch:Password>
      <sch:Consumer_Number>123dasd</sch:Consumer_Number>
      <sch:Tran_Auth_Id>123</sch:Tran_Auth_Id>
      <sch:Transaction_Amount>2989598198764</sch:Transaction_Amount>
      <sch:Tran_Date>20170204</sch:Tran_Date>
      <sch:Tran_Time>160834</sch:Tran_Time>
      <sch:Bank_Mnemonic>asd</sch:Bank_Mnemonic>
      <sch:Reserved>ee</sch:Reserved>
   </soapenv:Body>
</soapenv:Envelope>]]></con:request><con:credentials><con:authType>No Authorization</con:authType></con:credentials><con:jmsConfig JMSDeliveryMode="PERSISTENT"/><con:jmsPropertyConfig/><con:wsaConfig mustUnderstand="NONE" version="200508" action="/Services/MFSPassportPayment/Interface/PassportPayment.serviceagent/MFSPassportPaymentPortEndpoint1/BillPayment"/><con:wsrmConfig version="1.2"/></con:call></con:operation></con:interface><con:properties/><con:wssContainer/><con:oAuth2ProfileContainer/></con:soapui-project>